<?xml version="1.0" encoding="UTF-8" standalone="yes"?><data><clientes><cedula>111</cedula><nombre>JUAN</nombre><telefono>212121</telefono><provincia>1</provincia><canton>12</canton><distrito>107</distrito></clientes><clientes><cedula>222</cedula><nombre>MARIA</nombre><telefono>222222</telefono><provincia>2</provincia><canton>32</canton><distrito>228</distrito></clientes><clientes><cedula>333</cedula><nombre>Francisco</nombre><telefono>333333</telefono><provincia>6</provincia><canton>76</canton><distrito>463</distrito></clientes><clientes><cedula>1888</cedula><nombre>Jpedro</nombre><telefono>2121212</telefono></clientes><provincias><numero>1</numero><nombre>San José</nombre><cantones>11</cantones><cantones>12</cantones><cantones>13</cantones><cantones>14</cantones><cantones>15</cantones><cantones>16</cantones><cantones>17</cantones><cantones>18</cantones><cantones>19</cantones><cantones>20</cantones><cantones>21</cantones><cantones>22</cantones><cantones>23</cantones><cantones>24</cantones><cantones>25</cantones><cantones>26</cantones><cantones>27</cantones><cantones>28</cantones><cantones>29</cantones><cantones>30</cantones></provincias><provincias><numero>2</numero><nombre>Alajuela</nombre><cantones>31</cantones><cantones>32</cantones><cantones>33</cantones><cantones>34</cantones><cantones>35</cantones><cantones>36</cantones><cantones>37</cantones><cantones>38</cantones><cantones>39</cantones><cantones>40</cantones><cantones>41</cantones><cantones>42</cantones><cantones>43</cantones><cantones>44</cantones><cantones>45</cantones></provincias><provincias><numero>3</numero><nombre>Cartago</nombre><cantones>46</cantones><cantones>47</cantones><cantones>48</cantones><cantones>49</cantones><cantones>50</cantones><cantones>51</cantones><cantones>52</cantones><cantones>53</cantones></provincias><provincias><numero>4</numero><nombre>Heredia</nombre><cantones>54</cantones><cantones>55</cantones><cantones>56</cantones><cantones>57</cantones><cantones>58</cantones><cantones>59</cantones><cantones>60</cantones><cantones>61</cantones><cantones>62</cantones><cantones>63</cantones></provincias><provincias><numero>5</numero><nombre>Guanacaste</nombre><cantones>64</cantones><cantones>65</cantones><cantones>66</cantones><cantones>67</cantones><cantones>68</cantones><cantones>69</cantones><cantones>70</cantones><cantones>71</cantones><cantones>72</cantones><cantones>73</cantones><cantones>74</cantones></provincias><provincias><numero>6</numero><nombre>Puntarenas</nombre><cantones>75</cantones><cantones>76</cantones><cantones>77</cantones><cantones>78</cantones><cantones>79</cantones><cantones>80</cantones><cantones>81</cantones><cantones>82</cantones><cantones>83</cantones><cantones>84</cantones><cantones>85</cantones></provincias><provincias><numero>7</numero><nombre>Limón</nombre><cantones>86</cantones><cantones>87</cantones><cantones>88</cantones><cantones>89</cantones><cantones>90</cantones><cantones>91</cantones></provincias><cantones><numero>11</numero><nombre>Acosta</nombre><distritos>101</distritos><distritos>102</distritos><distritos>103</distritos><distritos>104</distritos><distritos>105</distritos></cantones><cantones><numero>12</numero><nombre>Alajuelita</nombre><distritos>106</distritos><distritos>107</distritos><distritos>108</distritos><distritos>109</distritos><distritos>110</distritos></cantones><cantones><numero>13</numero><nombre>Aserrí</nombre><distritos>111</distritos><distritos>112</distritos><distritos>113</distritos><distritos>114</distritos><distritos>115</distritos><distritos>116</distritos></cantones><cantones><numero>14</numero><nombre>Curridabat</nombre><distritos>117</distritos><distritos>118</distritos><distritos>119</distritos><distritos>120</distritos></cantones><cantones><numero>15</numero><nombre>Desamparados</nombre><distritos>121</distritos><distritos>122</distritos><distritos>123</distritos><distritos>124</distritos><distritos>125</distritos><distritos>126</distritos><distritos>127</distritos><distritos>128</distritos><distritos>129</distritos><distritos>130</distritos><distritos>131</distritos></cantones><cantones><numero>16</numero><nombre>Dota</nombre><distritos>132</distritos><distritos>133</distritos><distritos>134</distritos></cantones><cantones><numero>17</numero><nombre>Escazú</nombre><distritos>135</distritos><distritos>136</distritos><distritos>137</distritos></cantones><cantones><numero>18</numero><nombre>Goicoechea</nombre><distritos>138</distritos><distritos>139</distritos><distritos>140</distritos><distritos>141</distritos><distritos>142</distritos><distritos>143</distritos></cantones><cantones><numero>19</numero><nombre>León Cortés</nombre><distritos>144</distritos><distritos>145</distritos><distritos>146</distritos><distritos>147</distritos><distritos>148</distritos></cantones><cantones><numero>20</numero><nombre>Montes de Oca</nombre><distritos>149</distritos><distritos>150</distritos><distritos>151</distritos><distritos>152</distritos></cantones><cantones><numero>21</numero><nombre>Mora</nombre><distritos>153</distritos><distritos>154</distritos><distritos>155</distritos><distritos>156</distritos><distritos>157</distritos></cantones><cantones><numero>22</numero><nombre>Moravia</nombre><distritos>158</distritos><distritos>159</distritos><distritos>160</distritos></cantones><cantones><numero>23</numero><nombre>Puriscal</nombre><distritos>161</distritos><distritos>162</distritos><distritos>163</distritos><distritos>164</distritos><distritos>165</distritos><distritos>166</distritos><distritos>167</distritos><distritos>168</distritos><distritos>169</distritos></cantones><cantones><numero>24</numero><nombre>Pérez Zeledón</nombre><distritos>170</distritos><distritos>171</distritos><distritos>172</distritos><distritos>173</distritos><distritos>174</distritos><distritos>175</distritos><distritos>176</distritos><distritos>177</distritos><distritos>178</distritos><distritos>179</distritos><distritos>180</distritos></cantones><cantones><numero>25</numero><nombre>San José</nombre><distritos>181</distritos><distritos>182</distritos><distritos>183</distritos><distritos>184</distritos><distritos>185</distritos><distritos>186</distritos><distritos>187</distritos><distritos>188</distritos><distritos>189</distritos><distritos>190</distritos><distritos>191</distritos></cantones><cantones><numero>26</numero><nombre>Santa Ana</nombre><distritos>192</distritos><distritos>193</distritos><distritos>194</distritos><distritos>195</distritos><distritos>196</distritos><distritos>197</distritos></cantones><cantones><numero>27</numero><nombre>Tarrazú</nombre><distritos>198</distritos><distritos>199</distritos><distritos>200</distritos></cantones><cantones><numero>28</numero><nombre>Tibás</nombre><distritos>201</distritos><distritos>202</distritos><distritos>203</distritos></cantones><cantones><numero>29</numero><nombre>Turrubares</nombre><distritos>204</distritos><distritos>205</distritos><distritos>206</distritos><distritos>207</distritos></cantones><cantones><numero>30</numero><nombre>Vázquez de Coronado</nombre><distritos>208</distritos><distritos>209</distritos><distritos>210</distritos><distritos>211</distritos><distritos>212</distritos></cantones><cantones><numero>31</numero><nombre>Alajuela</nombre><distritos>213</distritos><distritos>214</distritos><distritos>215</distritos><distritos>216</distritos><distritos>217</distritos><distritos>218</distritos><distritos>219</distritos><distritos>220</distritos><distritos>221</distritos><distritos>222</distritos><distritos>223</distritos><distritos>224</distritos><distritos>225</distritos><distritos>226</distritos></cantones><cantones><numero>32</numero><nombre>Alfaro Ruiz</nombre><distritos>227</distritos><distritos>228</distritos><distritos>229</distritos><distritos>230</distritos><distritos>231</distritos><distritos>232</distritos></cantones><cantones><numero>33</numero><nombre>Atenas</nombre><distritos>233</distritos><distritos>234</distritos><distritos>235</distritos><distritos>236</distritos><distritos>237</distritos><distritos>238</distritos><distritos>239</distritos></cantones><cantones><numero>34</numero><nombre>Grecia</nombre><distritos>240</distritos><distritos>241</distritos><distritos>242</distritos><distritos>243</distritos><distritos>244</distritos><distritos>245</distritos><distritos>246</distritos><distritos>247</distritos></cantones><cantones><numero>35</numero><nombre>Guatuso</nombre><distritos>248</distritos><distritos>249</distritos><distritos>250</distritos></cantones><cantones><numero>36</numero><nombre>Los Chiles</nombre><distritos>251</distritos><distritos>252</distritos><distritos>253</distritos><distritos>254</distritos></cantones><cantones><numero>37</numero><nombre>Naranjo</nombre><distritos>255</distritos><distritos>256</distritos><distritos>257</distritos><distritos>258</distritos><distritos>259</distritos><distritos>260</distritos><distritos>261</distritos></cantones><cantones><numero>38</numero><nombre>Orotina</nombre><distritos>262</distritos><distritos>263</distritos><distritos>264</distritos><distritos>265</distritos><distritos>266</distritos></cantones><cantones><numero>39</numero><nombre>Palmares</nombre><distritos>267</distritos><distritos>268</distritos><distritos>269</distritos><distritos>270</distritos><distritos>271</distritos><distritos>272</distritos><distritos>273</distritos></cantones><cantones><numero>40</numero><nombre>Poás</nombre><distritos>274</distritos><distritos>275</distritos><distritos>276</distritos><distritos>277</distritos><distritos>278</distritos></cantones><cantones><numero>41</numero><nombre>San Carlos</nombre><distritos>279</distritos><distritos>280</distritos><distritos>281</distritos><distritos>282</distritos><distritos>283</distritos><distritos>284</distritos><distritos>285</distritos><distritos>286</distritos><distritos>287</distritos><distritos>288</distritos><distritos>289</distritos><distritos>290</distritos><distritos>291</distritos></cantones><cantones><numero>42</numero><nombre>San Mateo</nombre><distritos>292</distritos><distritos>293</distritos><distritos>294</distritos></cantones><cantones><numero>43</numero><nombre>San Ramón</nombre><distritos>295</distritos><distritos>296</distritos><distritos>297</distritos><distritos>298</distritos><distritos>299</distritos><distritos>300</distritos><distritos>301</distritos><distritos>302</distritos><distritos>303</distritos><distritos>304</distritos><distritos>305</distritos><distritos>306</distritos><distritos>307</distritos></cantones><cantones><numero>44</numero><nombre>Upala</nombre><distritos>308</distritos><distritos>309</distritos><distritos>310</distritos><distritos>311</distritos><distritos>312</distritos><distritos>313</distritos></cantones><cantones><numero>45</numero><nombre>Valverde Vega</nombre><distritos>314</distritos><distritos>315</distritos><distritos>316</distritos><distritos>317</distritos><distritos>318</distritos></cantones><cantones><numero>46</numero><nombre>Alvarado</nombre><distritos>319</distritos><distritos>320</distritos><distritos>321</distritos></cantones><cantones><numero>47</numero><nombre>Cartago</nombre><distritos>322</distritos><distritos>323</distritos><distritos>324</distritos><distritos>325</distritos><distritos>326</distritos><distritos>327</distritos><distritos>328</distritos><distritos>329</distritos><distritos>330</distritos><distritos>331</distritos><distritos>332</distritos></cantones><cantones><numero>48</numero><nombre>El Guarco</nombre><distritos>333</distritos><distritos>334</distritos><distritos>335</distritos><distritos>336</distritos></cantones><cantones><numero>49</numero><nombre>Jiménez</nombre><distritos>337</distritos><distritos>338</distritos><distritos>339</distritos></cantones><cantones><numero>50</numero><nombre>La Unión</nombre><distritos>340</distritos><distritos>341</distritos><distritos>342</distritos><distritos>343</distritos><distritos>344</distritos><distritos>345</distritos><distritos>346</distritos><distritos>347</distritos></cantones><cantones><numero>51</numero><nombre>Oreamuno</nombre><distritos>348</distritos><distritos>349</distritos><distritos>350</distritos><distritos>351</distritos><distritos>352</distritos></cantones><cantones><numero>52</numero><nombre>Paraíso</nombre><distritos>353</distritos><distritos>354</distritos><distritos>355</distritos><distritos>356</distritos></cantones><cantones><numero>53</numero><nombre>Turrialba</nombre><distritos>357</distritos><distritos>358</distritos><distritos>359</distritos><distritos>360</distritos><distritos>361</distritos><distritos>362</distritos><distritos>363</distritos><distritos>364</distritos><distritos>365</distritos></cantones><cantones><numero>54</numero><nombre>Barva</nombre><distritos>366</distritos><distritos>367</distritos><distritos>368</distritos><distritos>369</distritos><distritos>370</distritos><distritos>371</distritos></cantones><cantones><numero>55</numero><nombre>Belén</nombre><distritos>372</distritos><distritos>373</distritos><distritos>374</distritos></cantones><cantones><numero>56</numero><nombre>Flores</nombre><distritos>375</distritos><distritos>376</distritos><distritos>377</distritos></cantones><cantones><numero>57</numero><nombre>Heredia</nombre><distritos>378</distritos><distritos>379</distritos><distritos>380</distritos><distritos>381</distritos><distritos>382</distritos></cantones><cantones><numero>58</numero><nombre>San Isidro</nombre><distritos>383</distritos><distritos>384</distritos><distritos>385</distritos></cantones><cantones><numero>59</numero><nombre>San Pablo</nombre><distritos>386</distritos></cantones><cantones><numero>60</numero><nombre>San Rafael</nombre><distritos>387</distritos><distritos>388</distritos><distritos>389</distritos><distritos>390</distritos><distritos>391</distritos></cantones><cantones><numero>61</numero><nombre>Santa Bárbara</nombre><distritos>392</distritos><distritos>393</distritos><distritos>394</distritos><distritos>395</distritos><distritos>396</distritos><distritos>397</distritos></cantones><cantones><numero>62</numero><nombre>Santo Domingo</nombre><distritos>398</distritos><distritos>399</distritos><distritos>400</distritos><distritos>401</distritos><distritos>402</distritos><distritos>403</distritos><distritos>404</distritos><distritos>405</distritos></cantones><cantones><numero>63</numero><nombre>Sarapiquí</nombre><distritos>406</distritos><distritos>407</distritos><distritos>408</distritos></cantones><cantones><numero>64</numero><nombre>Abangares</nombre><distritos>409</distritos><distritos>410</distritos><distritos>411</distritos><distritos>412</distritos><distritos>413</distritos></cantones><cantones><numero>65</numero><nombre>Bagaces</nombre><distritos>414</distritos><distritos>415</distritos><distritos>416</distritos></cantones><cantones><numero>66</numero><nombre>Carrillo</nombre><distritos>417</distritos><distritos>418</distritos><distritos>419</distritos><distritos>420</distritos></cantones><cantones><numero>67</numero><nombre>Cañas</nombre><distritos>421</distritos></cantones><cantones><numero>68</numero><nombre>Hojancha</nombre><distritos>422</distritos></cantones><cantones><numero>69</numero><nombre>La Cruz</nombre><distritos>423</distritos><distritos>424</distritos><distritos>425</distritos><distritos>426</distritos></cantones><cantones><numero>70</numero><nombre>Liberia</nombre><distritos>427</distritos><distritos>428</distritos><distritos>429</distritos><distritos>430</distritos><distritos>431</distritos></cantones><cantones><numero>71</numero><nombre>Nandayure</nombre><distritos>432</distritos><distritos>433</distritos><distritos>434</distritos><distritos>435</distritos><distritos>436</distritos><distritos>437</distritos></cantones><cantones><numero>72</numero><nombre>Nicoya</nombre><distritos>438</distritos><distritos>439</distritos><distritos>440</distritos><distritos>441</distritos><distritos>442</distritos><distritos>443</distritos></cantones><cantones><numero>73</numero><nombre>Santa Cruz</nombre><distritos>444</distritos><distritos>445</distritos><distritos>446</distritos></cantones><cantones><numero>74</numero><nombre>Tilarán</nombre><distritos>447</distritos><distritos>448</distritos><distritos>449</distritos><distritos>450</distritos><distritos>451</distritos><distritos>452</distritos><distritos>453</distritos></cantones><cantones><numero>75</numero><nombre>Aguirre</nombre><distritos>454</distritos><distritos>455</distritos><distritos>456</distritos></cantones><cantones><numero>76</numero><nombre>Buenos Aires</nombre><distritos>457</distritos><distritos>458</distritos><distritos>459</distritos><distritos>460</distritos><distritos>461</distritos><distritos>462</distritos><distritos>463</distritos></cantones><cantones><numero>77</numero><nombre>Corredores</nombre><distritos>464</distritos><distritos>465</distritos><distritos>466</distritos></cantones><cantones><numero>78</numero><nombre>Coto Brus</nombre><distritos>467</distritos><distritos>468</distritos><distritos>469</distritos><distritos>470</distritos><distritos>471</distritos></cantones><cantones><numero>79</numero><nombre>Esparza</nombre><distritos>472</distritos><distritos>473</distritos><distritos>474</distritos><distritos>475</distritos><distritos>476</distritos></cantones><cantones><numero>80</numero><nombre>Garabito</nombre><distritos>477</distritos><distritos>478</distritos></cantones><cantones><numero>81</numero><nombre>Golfito</nombre><distritos>479</distritos><distritos>480</distritos><distritos>481</distritos></cantones><cantones><numero>82</numero><nombre>Montes de Oro</nombre><distritos>482</distritos><distritos>483</distritos><distritos>484</distritos></cantones><cantones><numero>83</numero><nombre>Osa</nombre><distritos>485</distritos><distritos>486</distritos><distritos>487</distritos></cantones><cantones><numero>84</numero><nombre>Parrita</nombre><distritos>488</distritos></cantones><cantones><numero>85</numero><nombre>Puntarenas</nombre><distritos>489</distritos><distritos>490</distritos><distritos>491</distritos><distritos>492</distritos><distritos>493</distritos><distritos>494</distritos><distritos>495</distritos><distritos>496</distritos><distritos>497</distritos><distritos>498</distritos><distritos>499</distritos></cantones><cantones><numero>86</numero><nombre>Guácimo</nombre><distritos>500</distritos><distritos>501</distritos><distritos>502</distritos><distritos>503</distritos><distritos>504</distritos></cantones><cantones><numero>87</numero><nombre>Limón</nombre><distritos>505</distritos></cantones><cantones><numero>88</numero><nombre>Matina</nombre><distritos>506</distritos><distritos>507</distritos><distritos>508</distritos></cantones><cantones><numero>89</numero><nombre>Pococí</nombre><distritos>509</distritos><distritos>510</distritos><distritos>511</distritos><distritos>512</distritos><distritos>513</distritos><distritos>514</distritos></cantones><cantones><numero>90</numero><nombre>Siquirres</nombre><distritos>515</distritos><distritos>516</distritos><distritos>517</distritos><distritos>518</distritos><distritos>519</distritos></cantones><cantones><numero>91</numero><nombre>Talamanca</nombre><distritos>520</distritos><distritos>521</distritos><distritos>522</distritos></cantones><distritos><numero>101</numero><nombre>Cangrejal</nombre></distritos><distritos><numero>102</numero><nombre>Guaitil</nombre></distritos><distritos><numero>103</numero><nombre>Palmichal</nombre></distritos><distritos><numero>104</numero><nombre>Sabanillas</nombre></distritos><distritos><numero>105</numero><nombre>San Ignacio</nombre></distritos><distritos><numero>106</numero><nombre>Alajuelita</nombre></distritos><distritos><numero>107</numero><nombre>Concepción</nombre></distritos><distritos><numero>108</numero><nombre>San Antonio</nombre></distritos><distritos><numero>109</numero><nombre>San Felipe</nombre></distritos><distritos><numero>110</numero><nombre>San Josecito</nombre></distritos><distritos><numero>111</numero><nombre>Aserrí</nombre></distritos><distritos><numero>112</numero><nombre>Legua</nombre></distritos><distritos><numero>113</numero><nombre>Monterrey</nombre></distritos><distritos><numero>114</numero><nombre>San Gabriel</nombre></distritos><distritos><numero>115</numero><nombre>Tarbaca</nombre></distritos><distritos><numero>116</numero><nombre>Vuelta de Jorco</nombre></distritos><distritos><numero>117</numero><nombre>Curridabat</nombre></distritos><distritos><numero>118</numero><nombre>Granadilla</nombre></distritos><distritos><numero>119</numero><nombre>Sánchez</nombre></distritos><distritos><numero>120</numero><nombre>Tirrases</nombre></distritos><distritos><numero>121</numero><nombre>Damas</nombre></distritos><distritos><numero>122</numero><nombre>Desamparados</nombre></distritos><distritos><numero>123</numero><nombre>Frailes</nombre></distritos><distritos><numero>124</numero><nombre>Patarrá</nombre></distritos><distritos><numero>125</numero><nombre>Rosario</nombre></distritos><distritos><numero>126</numero><nombre>San Antonio</nombre></distritos><distritos><numero>127</numero><nombre>San Cristóbal</nombre></distritos><distritos><numero>128</numero><nombre>San Juan de Dios</nombre></distritos><distritos><numero>129</numero><nombre>San Miguel</nombre></distritos><distritos><numero>130</numero><nombre>San Rafael</nombre></distritos><distritos><numero>131</numero><nombre>San Rafael Abajo</nombre></distritos><distritos><numero>132</numero><nombre>Copey</nombre></distritos><distritos><numero>133</numero><nombre>Jardín</nombre></distritos><distritos><numero>134</numero><nombre>Santa María</nombre></distritos><distritos><numero>135</numero><nombre>Escazú</nombre></distritos><distritos><numero>136</numero><nombre>San Antonio</nombre></distritos><distritos><numero>137</numero><nombre>San Rafael</nombre></distritos><distritos><numero>138</numero><nombre>Calle Blancos</nombre></distritos><distritos><numero>139</numero><nombre>Guadalupe</nombre></distritos><distritos><numero>140</numero><nombre>Ipís</nombre></distritos><distritos><numero>141</numero><nombre>Mata de Plátano</nombre></distritos><distritos><numero>142</numero><nombre>Rancho Redondo</nombre></distritos><distritos><numero>143</numero><nombre>San Francisco</nombre></distritos><distritos><numero>144</numero><nombre>Llano Bonito</nombre></distritos><distritos><numero>145</numero><nombre>San Andrés</nombre></distritos><distritos><numero>146</numero><nombre>San Isidro</nombre></distritos><distritos><numero>147</numero><nombre>San Pablo</nombre></distritos><distritos><numero>148</numero><nombre>Santa Cruz</nombre></distritos><distritos><numero>149</numero><nombre>Mercedes</nombre></distritos><distritos><numero>150</numero><nombre>Sabanilla</nombre></distritos><distritos><numero>151</numero><nombre>San Pedro</nombre></distritos><distritos><numero>152</numero><nombre>San Rafael</nombre></distritos><distritos><numero>153</numero><nombre>Colón</nombre></distritos><distritos><numero>154</numero><nombre>Guayabo</nombre></distritos><distritos><numero>155</numero><nombre>Picagres</nombre></distritos><distritos><numero>156</numero><nombre>Piedras Negras</nombre></distritos><distritos><numero>157</numero><nombre>Tabarcia</nombre></distritos><distritos><numero>158</numero><nombre>San Jerónimo</nombre></distritos><distritos><numero>159</numero><nombre>San Vicente</nombre></distritos><distritos><numero>160</numero><nombre>Trinidad</nombre></distritos><distritos><numero>161</numero><nombre>Barbacoas</nombre></distritos><distritos><numero>162</numero><nombre>Candelaria</nombre></distritos><distritos><numero>163</numero><nombre>Chires</nombre></distritos><distritos><numero>164</numero><nombre>Desamparados</nombre></distritos><distritos><numero>165</numero><nombre>Grifo Alto</nombre></distritos><distritos><numero>166</numero><nombre>Mercedes Sur</nombre></distritos><distritos><numero>167</numero><nombre>San Antonio</nombre></distritos><distritos><numero>168</numero><nombre>San Rafael</nombre></distritos><distritos><numero>169</numero><nombre>Santiago</nombre></distritos><distritos><numero>170</numero><nombre>Barú</nombre></distritos><distritos><numero>171</numero><nombre>Cajón</nombre></distritos><distritos><numero>172</numero><nombre>Daniel Flores</nombre></distritos><distritos><numero>173</numero><nombre>General</nombre></distritos><distritos><numero>174</numero><nombre>Pejibaye</nombre></distritos><distritos><numero>175</numero><nombre>Platanares</nombre></distritos><distritos><numero>176</numero><nombre>Páramo</nombre></distritos><distritos><numero>177</numero><nombre>Rivas</nombre></distritos><distritos><numero>178</numero><nombre>Río Nuevo</nombre></distritos><distritos><numero>179</numero><nombre>San Isidro de El General</nombre></distritos><distritos><numero>180</numero><nombre>San Pedro</nombre></distritos><distritos><numero>181</numero><nombre>Carmen</nombre></distritos><distritos><numero>182</numero><nombre>Catedral</nombre></distritos><distritos><numero>183</numero><nombre>Hatillo</nombre></distritos><distritos><numero>184</numero><nombre>Hospital</nombre></distritos><distritos><numero>185</numero><nombre>Mata Redonda</nombre></distritos><distritos><numero>186</numero><nombre>Merced</nombre></distritos><distritos><numero>187</numero><nombre>Pavas</nombre></distritos><distritos><numero>188</numero><nombre>San Francisco de Dos Ríos</nombre></distritos><distritos><numero>189</numero><nombre>San Sebastián (Paso Ancho)</nombre></distritos><distritos><numero>190</numero><nombre>Uruca</nombre></distritos><distritos><numero>191</numero><nombre>Zapote</nombre></distritos><distritos><numero>192</numero><nombre>Brasil</nombre></distritos><distritos><numero>193</numero><nombre>Piedades</nombre></distritos><distritos><numero>194</numero><nombre>Pozos</nombre></distritos><distritos><numero>195</numero><nombre>Salitral</nombre></distritos><distritos><numero>196</numero><nombre>Santa Ana</nombre></distritos><distritos><numero>197</numero><nombre>Uruca</nombre></distritos><distritos><numero>198</numero><nombre>San Carlos</nombre></distritos><distritos><numero>199</numero><nombre>San Lorenzo</nombre></distritos><distritos><numero>200</numero><nombre>San Marcos</nombre></distritos><distritos><numero>201</numero><nombre>Anselmo Llorente</nombre></distritos><distritos><numero>202</numero><nombre>Cinco Esquinas (Colima)</nombre></distritos><distritos><numero>203</numero><nombre>San Juan (Florida)</nombre></distritos><distritos><numero>204</numero><nombre>San Juan de Mata</nombre></distritos><distritos><numero>205</numero><nombre>San Luis</nombre></distritos><distritos><numero>206</numero><nombre>San Pablo</nombre></distritos><distritos><numero>207</numero><nombre>San Pedro</nombre></distritos><distritos><numero>208</numero><nombre>Cascajal</nombre></distritos><distritos><numero>209</numero><nombre>Jesús - Dulce Nombre</nombre></distritos><distritos><numero>210</numero><nombre>Patalillo</nombre></distritos><distritos><numero>211</numero><nombre>San Isidro</nombre></distritos><distritos><numero>212</numero><nombre>San Rafael</nombre></distritos><distritos><numero>213</numero><nombre>Alajuela</nombre></distritos><distritos><numero>214</numero><nombre>Carrizal</nombre></distritos><distritos><numero>215</numero><nombre>Desamparados</nombre></distritos><distritos><numero>216</numero><nombre>Garita</nombre></distritos><distritos><numero>217</numero><nombre>Guácima</nombre></distritos><distritos><numero>218</numero><nombre>Río Segundo</nombre></distritos><distritos><numero>219</numero><nombre>Sabanilla</nombre></distritos><distritos><numero>220</numero><nombre>San Antonio</nombre></distritos><distritos><numero>221</numero><nombre>San Isidro</nombre></distritos><distritos><numero>222</numero><nombre>San José</nombre></distritos><distritos><numero>223</numero><nombre>San Rafael</nombre></distritos><distritos><numero>224</numero><nombre>Sarapiquí</nombre></distritos><distritos><numero>225</numero><nombre>Tambor</nombre></distritos><distritos><numero>226</numero><nombre>Turrúcares</nombre></distritos><distritos><numero>227</numero><nombre>Guadalupe</nombre></distritos><distritos><numero>228</numero><nombre>Laguna</nombre></distritos><distritos><numero>229</numero><nombre>Palmira</nombre></distritos><distritos><numero>230</numero><nombre>Tapezco</nombre></distritos><distritos><numero>231</numero><nombre>Zapote</nombre></distritos><distritos><numero>232</numero><nombre>Zarcero</nombre></distritos><distritos><numero>233</numero><nombre>Atenas</nombre></distritos><distritos><numero>234</numero><nombre>Concepción</nombre></distritos><distritos><numero>235</numero><nombre>Jesús</nombre></distritos><distritos><numero>236</numero><nombre>Mercedes</nombre></distritos><distritos><numero>237</numero><nombre>San Isidro</nombre></distritos><distritos><numero>238</numero><nombre>San José</nombre></distritos><distritos><numero>239</numero><nombre>Santa Eulalia</nombre></distritos><distritos><numero>240</numero><nombre>Bolívar</nombre></distritos><distritos><numero>241</numero><nombre>Grecia</nombre></distritos><distritos><numero>242</numero><nombre>Puente de Piedra</nombre></distritos><distritos><numero>243</numero><nombre>Río Cuarto</nombre></distritos><distritos><numero>244</numero><nombre>San Isidro</nombre></distritos><distritos><numero>245</numero><nombre>San José</nombre></distritos><distritos><numero>246</numero><nombre>San Roque</nombre></distritos><distritos><numero>247</numero><nombre>Tacares</nombre></distritos><distritos><numero>248</numero><nombre>Buenavista</nombre></distritos><distritos><numero>249</numero><nombre>Cote</nombre></distritos><distritos><numero>250</numero><nombre>San Rafael</nombre></distritos><distritos><numero>251</numero><nombre>Caño Negro</nombre></distritos><distritos><numero>252</numero><nombre>El Amparo</nombre></distritos><distritos><numero>253</numero><nombre>Los Chiles</nombre></distritos><distritos><numero>254</numero><nombre>San Jorge</nombre></distritos><distritos><numero>255</numero><nombre>Cirri Sur</nombre></distritos><distritos><numero>256</numero><nombre>Naranjo</nombre></distritos><distritos><numero>257</numero><nombre>Rosario</nombre></distritos><distritos><numero>258</numero><nombre>San Jerónimo</nombre></distritos><distritos><numero>259</numero><nombre>San José</nombre></distritos><distritos><numero>260</numero><nombre>San Juan</nombre></distritos><distritos><numero>261</numero><nombre>San Miguel</nombre></distritos><distritos><numero>262</numero><nombre>Ceiba</nombre></distritos><distritos><numero>263</numero><nombre>Covolar</nombre></distritos><distritos><numero>264</numero><nombre>Hacienda Vieja</nombre></distritos><distritos><numero>265</numero><nombre>Mastata</nombre></distritos><distritos><numero>266</numero><nombre>Orotina</nombre></distritos><distritos><numero>267</numero><nombre>Buenos Aires</nombre></distritos><distritos><numero>268</numero><nombre>Candelaria</nombre></distritos><distritos><numero>269</numero><nombre>Esquipulas</nombre></distritos><distritos><numero>270</numero><nombre>Granja</nombre></distritos><distritos><numero>271</numero><nombre>Palmares</nombre></distritos><distritos><numero>272</numero><nombre>Santiago</nombre></distritos><distritos><numero>273</numero><nombre>Zaragoza</nombre></distritos><distritos><numero>274</numero><nombre>Carrillos</nombre></distritos><distritos><numero>275</numero><nombre>Sabana Redonda</nombre></distritos><distritos><numero>276</numero><nombre>San Juan</nombre></distritos><distritos><numero>277</numero><nombre>San Pedro</nombre></distritos><distritos><numero>278</numero><nombre>San Rafael</nombre></distritos><distritos><numero>279</numero><nombre>Aguas Zarcas</nombre></distritos><distritos><numero>280</numero><nombre>Buena Vista</nombre></distritos><distritos><numero>281</numero><nombre>Ciudad Quesada</nombre></distritos><distritos><numero>282</numero><nombre>Cutris</nombre></distritos><distritos><numero>283</numero><nombre>Florencia</nombre></distritos><distritos><numero>284</numero><nombre>Fortuna</nombre></distritos><distritos><numero>285</numero><nombre>Monterrey</nombre></distritos><distritos><numero>286</numero><nombre>Palmares</nombre></distritos><distritos><numero>287</numero><nombre>Pital</nombre></distritos><distritos><numero>288</numero><nombre>Pocosol</nombre></distritos><distritos><numero>289</numero><nombre>Tigra</nombre></distritos><distritos><numero>290</numero><nombre>Venado</nombre></distritos><distritos><numero>291</numero><nombre>Venecia</nombre></distritos><distritos><numero>292</numero><nombre>Desmonte</nombre></distritos><distritos><numero>293</numero><nombre>Jesús María</nombre></distritos><distritos><numero>294</numero><nombre>San Mateo</nombre></distritos><distritos><numero>295</numero><nombre>Alfaro</nombre></distritos><distritos><numero>296</numero><nombre>Concepción</nombre></distritos><distritos><numero>297</numero><nombre>Peñas Blancas</nombre></distritos><distritos><numero>298</numero><nombre>Piedades Norte</nombre></distritos><distritos><numero>299</numero><nombre>Piedades Sur</nombre></distritos><distritos><numero>300</numero><nombre>San Isidro</nombre></distritos><distritos><numero>301</numero><nombre>San Juan</nombre></distritos><distritos><numero>302</numero><nombre>San Rafael</nombre></distritos><distritos><numero>303</numero><nombre>San Ramón</nombre></distritos><distritos><numero>304</numero><nombre>Santiago</nombre></distritos><distritos><numero>305</numero><nombre>Volio</nombre></distritos><distritos><numero>306</numero><nombre>Zapotal</nombre></distritos><distritos><numero>307</numero><nombre>Ángeles</nombre></distritos><distritos><numero>308</numero><nombre>Aguas Claras</nombre></distritos><distritos><numero>309</numero><nombre>Bijagua</nombre></distritos><distritos><numero>310</numero><nombre>Delicias</nombre></distritos><distritos><numero>311</numero><nombre>Dos Ríos</nombre></distritos><distritos><numero>312</numero><nombre>San José</nombre></distritos><distritos><numero>313</numero><nombre>Yolillal</nombre></distritos><distritos><numero>314</numero><nombre>Rodríguez</nombre></distritos><distritos><numero>315</numero><nombre>San Pedro</nombre></distritos><distritos><numero>316</numero><nombre>Sarchí Norte</nombre></distritos><distritos><numero>317</numero><nombre>Sarchí Sur</nombre></distritos><distritos><numero>318</numero><nombre>Toro Amarillo</nombre></distritos><distritos><numero>319</numero><nombre>Capellades</nombre></distritos><distritos><numero>320</numero><nombre>Cervantes</nombre></distritos><distritos><numero>321</numero><nombre>Pacayas</nombre></distritos><distritos><numero>322</numero><nombre>Carmen</nombre></distritos><distritos><numero>323</numero><nombre>Corralillo</nombre></distritos><distritos><numero>324</numero><nombre>Dulce Nombre</nombre></distritos><distritos><numero>325</numero><nombre>Guadalupe</nombre></distritos><distritos><numero>326</numero><nombre>Llano Grande</nombre></distritos><distritos><numero>327</numero><nombre>Parte Occidental</nombre></distritos><distritos><numero>328</numero><nombre>Parte Oriental</nombre></distritos><distritos><numero>329</numero><nombre>Quebradilla</nombre></distritos><distritos><numero>330</numero><nombre>San Francisco - Aguascalientes</nombre></distritos><distritos><numero>331</numero><nombre>San Nicolás</nombre></distritos><distritos><numero>332</numero><nombre>Tierra Blanca</nombre></distritos><distritos><numero>333</numero><nombre>Patio de Agua</nombre></distritos><distritos><numero>334</numero><nombre>San Isidro</nombre></distritos><distritos><numero>335</numero><nombre>Tejar</nombre></distritos><distritos><numero>336</numero><nombre>Tobosi</nombre></distritos><distritos><numero>337</numero><nombre>Juan Viñas</nombre></distritos><distritos><numero>338</numero><nombre>Pejibaye</nombre></distritos><distritos><numero>339</numero><nombre>Tucurrique</nombre></distritos><distritos><numero>340</numero><nombre>Concepción</nombre></distritos><distritos><numero>341</numero><nombre>Dulce Nombre</nombre></distritos><distritos><numero>342</numero><nombre>Río Azul</nombre></distritos><distritos><numero>343</numero><nombre>San Diego</nombre></distritos><distritos><numero>344</numero><nombre>San Juan</nombre></distritos><distritos><numero>345</numero><nombre>San Rafael</nombre></distritos><distritos><numero>346</numero><nombre>San Ramón</nombre></distritos><distritos><numero>347</numero><nombre>Tres Ríos</nombre></distritos><distritos><numero>348</numero><nombre>Cipreses</nombre></distritos><distritos><numero>349</numero><nombre>Cot</nombre></distritos><distritos><numero>350</numero><nombre>Potrero Cerrado</nombre></distritos><distritos><numero>351</numero><nombre>San Rafael</nombre></distritos><distritos><numero>352</numero><nombre>Santa Rosa</nombre></distritos><distritos><numero>353</numero><nombre>Cachí</nombre></distritos><distritos><numero>354</numero><nombre>Orosí</nombre></distritos><distritos><numero>355</numero><nombre>Paraíso</nombre></distritos><distritos><numero>356</numero><nombre>Santiago</nombre></distritos><distritos><numero>357</numero><nombre>La Suiza</nombre></distritos><distritos><numero>358</numero><nombre>Peralta</nombre></distritos><distritos><numero>359</numero><nombre>Santa Cruz</nombre></distritos><distritos><numero>360</numero><nombre>Santa Pavones</nombre></distritos><distritos><numero>361</numero><nombre>Santa Rosa</nombre></distritos><distritos><numero>362</numero><nombre>Santa Teresita</nombre></distritos><distritos><numero>363</numero><nombre>Tayutic</nombre></distritos><distritos><numero>364</numero><nombre>Tuis</nombre></distritos><distritos><numero>365</numero><nombre>Turrialba</nombre></distritos><distritos><numero>366</numero><nombre>Barva</nombre></distritos><distritos><numero>367</numero><nombre>San José de la Montaña</nombre></distritos><distritos><numero>368</numero><nombre>San Pablo</nombre></distritos><distritos><numero>369</numero><nombre>San Pedro</nombre></distritos><distritos><numero>370</numero><nombre>San Roque</nombre></distritos><distritos><numero>371</numero><nombre>Santa Lucía</nombre></distritos><distritos><numero>372</numero><nombre>Asunción</nombre></distritos><distritos><numero>373</numero><nombre>La Rivera</nombre></distritos><distritos><numero>374</numero><nombre>San Antonio</nombre></distritos><distritos><numero>375</numero><nombre>Barrantes</nombre></distritos><distritos><numero>376</numero><nombre>Llorente</nombre></distritos><distritos><numero>377</numero><nombre>San Joaquín</nombre></distritos><distritos><numero>378</numero><nombre>Heredia</nombre></distritos><distritos><numero>379</numero><nombre>Mercedes</nombre></distritos><distritos><numero>380</numero><nombre>San Francisco</nombre></distritos><distritos><numero>381</numero><nombre>Ulloa (Barrial)</nombre></distritos><distritos><numero>382</numero><nombre>Varablanca</nombre></distritos><distritos><numero>383</numero><nombre>Concepción</nombre></distritos><distritos><numero>384</numero><nombre>San Isidro</nombre></distritos><distritos><numero>385</numero><nombre>San José</nombre></distritos><distritos><numero>386</numero><nombre>San Pablo</nombre></distritos><distritos><numero>387</numero><nombre>Concepción</nombre></distritos><distritos><numero>388</numero><nombre>Los Angeles</nombre></distritos><distritos><numero>389</numero><nombre>San Josecito</nombre></distritos><distritos><numero>390</numero><nombre>San Rafael</nombre></distritos><distritos><numero>391</numero><nombre>Santiago</nombre></distritos><distritos><numero>392</numero><nombre>Jesús</nombre></distritos><distritos><numero>393</numero><nombre>Puraba</nombre></distritos><distritos><numero>394</numero><nombre>San Juan</nombre></distritos><distritos><numero>395</numero><nombre>San Pedro</nombre></distritos><distritos><numero>396</numero><nombre>Santa Bárbara</nombre></distritos><distritos><numero>397</numero><nombre>Santo Domingo</nombre></distritos><distritos><numero>398</numero><nombre>Para</nombre></distritos><distritos><numero>399</numero><nombre>Parácito</nombre></distritos><distritos><numero>400</numero><nombre>San Miguel</nombre></distritos><distritos><numero>401</numero><nombre>San Vicente</nombre></distritos><distritos><numero>402</numero><nombre>Santa Rosa</nombre></distritos><distritos><numero>403</numero><nombre>Santo Domingo</nombre></distritos><distritos><numero>404</numero><nombre>Santo Tomás</nombre></distritos><distritos><numero>405</numero><nombre>Tures</nombre></distritos><distritos><numero>406</numero><nombre>Horquetas</nombre></distritos><distritos><numero>407</numero><nombre>La Virgen</nombre></distritos><distritos><numero>408</numero><nombre>Puerto Viejo</nombre></distritos><distritos><numero>409</numero><nombre>Abangares</nombre></distritos><distritos><numero>410</numero><nombre>Colorado</nombre></distritos><distritos><numero>411</numero><nombre>Juntas</nombre></distritos><distritos><numero>412</numero><nombre>San Juan</nombre></distritos><distritos><numero>413</numero><nombre>Sierra</nombre></distritos><distritos><numero>414</numero><nombre>Bagaces</nombre></distritos><distritos><numero>415</numero><nombre>Fortuna</nombre></distritos><distritos><numero>416</numero><nombre>Mogote</nombre></distritos><distritos><numero>417</numero><nombre>Belén</nombre></distritos><distritos><numero>418</numero><nombre>Filadelfia</nombre></distritos><distritos><numero>419</numero><nombre>Palmira</nombre></distritos><distritos><numero>420</numero><nombre>Sardinal</nombre></distritos><distritos><numero>421</numero><nombre>Cañas</nombre></distritos><distritos><numero>422</numero><nombre>Hojancha</nombre></distritos><distritos><numero>423</numero><nombre>La Cruz</nombre></distritos><distritos><numero>424</numero><nombre>La Garita</nombre></distritos><distritos><numero>425</numero><nombre>Santa Cecilia</nombre></distritos><distritos><numero>426</numero><nombre>Santa Elena</nombre></distritos><distritos><numero>427</numero><nombre>Cañas Dulces</nombre></distritos><distritos><numero>428</numero><nombre>Currande</nombre></distritos><distritos><numero>429</numero><nombre>Liberia</nombre></distritos><distritos><numero>430</numero><nombre>Mayorga</nombre></distritos><distritos><numero>431</numero><nombre>Nacascolo</nombre></distritos><distritos><numero>432</numero><nombre>Bejuco</nombre></distritos><distritos><numero>433</numero><nombre>Carmona</nombre></distritos><distritos><numero>434</numero><nombre>Porvenir</nombre></distritos><distritos><numero>435</numero><nombre>San Pablo</nombre></distritos><distritos><numero>436</numero><nombre>Santa Rita</nombre></distritos><distritos><numero>437</numero><nombre>Zapotal</nombre></distritos><distritos><numero>438</numero><nombre>Baltodano</nombre></distritos><distritos><numero>439</numero><nombre>Mansión</nombre></distritos><distritos><numero>440</numero><nombre>Nicoya</nombre></distritos><distritos><numero>441</numero><nombre>Quebrada Honda</nombre></distritos><distritos><numero>442</numero><nombre>San Antonio</nombre></distritos><distritos><numero>443</numero><nombre>Sámara</nombre></distritos><distritos><numero>444</numero><nombre>Bolsón</nombre></distritos><distritos><numero>445</numero><nombre>Santa Cruz</nombre></distritos><distritos><numero>446</numero><nombre>Veintisiete de Abril</nombre></distritos><distritos><numero>447</numero><nombre>Arenal</nombre></distritos><distritos><numero>448</numero><nombre>Líbano</nombre></distritos><distritos><numero>449</numero><nombre>Quebrada Grande</nombre></distritos><distritos><numero>450</numero><nombre>Santa Rosa</nombre></distritos><distritos><numero>451</numero><nombre>Tierras Morenas</nombre></distritos><distritos><numero>452</numero><nombre>Tilarán</nombre></distritos><distritos><numero>453</numero><nombre>Tronadora</nombre></distritos><distritos><numero>454</numero><nombre>Naranjito</nombre></distritos><distritos><numero>455</numero><nombre>Quepos</nombre></distritos><distritos><numero>456</numero><nombre>Savegre</nombre></distritos><distritos><numero>457</numero><nombre>Boruca</nombre></distritos><distritos><numero>458</numero><nombre>Buenos Aires</nombre></distritos><distritos><numero>459</numero><nombre>Chanquera</nombre></distritos><distritos><numero>460</numero><nombre>Colinas</nombre></distritos><distritos><numero>461</numero><nombre>Pilas</nombre></distritos><distritos><numero>462</numero><nombre>Potrero Grande</nombre></distritos><distritos><numero>463</numero><nombre>Volcán</nombre></distritos><distritos><numero>464</numero><nombre>Canoas</nombre></distritos><distritos><numero>465</numero><nombre>Corredores</nombre></distritos><distritos><numero>466</numero><nombre>La Cuesta</nombre></distritos><distritos><numero>467</numero><nombre>Agua Buena</nombre></distritos><distritos><numero>468</numero><nombre>Limoncito</nombre></distritos><distritos><numero>469</numero><nombre>Pittier</nombre></distritos><distritos><numero>470</numero><nombre>Sabalito</nombre></distritos><distritos><numero>471</numero><nombre>San Vito</nombre></distritos><distritos><numero>472</numero><nombre>Espíritu Santo</nombre></distritos><distritos><numero>473</numero><nombre>Macacona</nombre></distritos><distritos><numero>474</numero><nombre>San Jerónimo</nombre></distritos><distritos><numero>475</numero><nombre>San Juan Grande</nombre></distritos><distritos><numero>476</numero><nombre>San Rafael</nombre></distritos><distritos><numero>477</numero><nombre>Jacó</nombre></distritos><distritos><numero>478</numero><nombre>Tárcoles</nombre></distritos><distritos><numero>479</numero><nombre>Golfito</nombre></distritos><distritos><numero>480</numero><nombre>Guaycara</nombre></distritos><distritos><numero>481</numero><nombre>Jiménez</nombre></distritos><distritos><numero>482</numero><nombre>La Unión</nombre></distritos><distritos><numero>483</numero><nombre>Miramar</nombre></distritos><distritos><numero>484</numero><nombre>San Isidro</nombre></distritos><distritos><numero>485</numero><nombre>Cortés</nombre></distritos><distritos><numero>486</numero><nombre>Palmar</nombre></distritos><distritos><numero>487</numero><nombre>Sierpe</nombre></distritos><distritos><numero>488</numero><nombre>Parrita</nombre></distritos><distritos><numero>489</numero><nombre>Barranca</nombre></distritos><distritos><numero>490</numero><nombre>Chomes</nombre></distritos><distritos><numero>491</numero><nombre>Cóbano</nombre></distritos><distritos><numero>492</numero><nombre>Guacimal</nombre></distritos><distritos><numero>493</numero><nombre>Isla del Coco</nombre></distritos><distritos><numero>494</numero><nombre>Lepanto</nombre></distritos><distritos><numero>495</numero><nombre>Manzanillo</nombre></distritos><distritos><numero>496</numero><nombre>Monteverde</nombre></distritos><distritos><numero>497</numero><nombre>Paquera</nombre></distritos><distritos><numero>498</numero><nombre>Pitahaya</nombre></distritos><distritos><numero>499</numero><nombre>Puntarenas</nombre></distritos><distritos><numero>500</numero><nombre>Duacari</nombre></distritos><distritos><numero>501</numero><nombre>Guácimo</nombre></distritos><distritos><numero>502</numero><nombre>Mercedes</nombre></distritos><distritos><numero>503</numero><nombre>Pocora</nombre></distritos><distritos><numero>504</numero><nombre>Río Jiménez</nombre></distritos><distritos><numero>505</numero><nombre>Limón</nombre></distritos><distritos><numero>506</numero><nombre>Batán</nombre></distritos><distritos><numero>507</numero><nombre>Carrandi</nombre></distritos><distritos><numero>508</numero><nombre>Matina</nombre></distritos><distritos><numero>509</numero><nombre>Cariari</nombre></distritos><distritos><numero>510</numero><nombre>Colorado</nombre></distritos><distritos><numero>511</numero><nombre>Guápiles</nombre></distritos><distritos><numero>512</numero><nombre>Jiménez</nombre></distritos><distritos><numero>513</numero><nombre>Rita</nombre></distritos><distritos><numero>514</numero><nombre>Roxana</nombre></distritos><distritos><numero>515</numero><nombre>El Cairo</nombre></distritos><distritos><numero>516</numero><nombre>Florida</nombre></distritos><distritos><numero>517</numero><nombre>Germania</nombre></distritos><distritos><numero>518</numero><nombre>Pacuarito</nombre></distritos><distritos><numero>519</numero><nombre>Siquirres</nombre></distritos><distritos><numero>520</numero><nombre>Bratsi</nombre></distritos><distritos><numero>521</numero><nombre>Cahuita</nombre></distritos><distritos><numero>522</numero><nombre>Sixaola</nombre></distritos><prestamos><descripción>Personal</descripción><interes>5.0</interes><monto>1000.0</monto><numero>1</numero><plazo>6</plazo></prestamos></data>