<?xml version="1.0" encoding="UTF-8" standalone="yes"?>
<data>
<provincias>
<numero>1</numero>
<nombre>San José</nombre>
<cantones>
<numero>1</numero>
<nombre>Acosta</nombre>
<distritos>
<numero>1</numero>
<nombre>Cangrejal</nombre>
</distritos>
<distritos>
<numero>2</numero>
<nombre>Guaitil</nombre>
</distritos>
<distritos>
<numero>3</numero>
<nombre>Palmichal</nombre>
</distritos>
<distritos>
<numero>4</numero>
<nombre>Sabanillas</nombre>
</distritos>
<distritos>
<numero>5</numero>
<nombre>San Ignacio</nombre>
</distritos>
</cantones>
<cantones>
<numero>2</numero>
<nombre>Alajuelita</nombre>
<distritos>
<numero>1</numero>
<nombre>Alajuelita</nombre>
</distritos>
<distritos>
<numero>2</numero>
<nombre>Concepción</nombre>
</distritos>
<distritos>
<numero>3</numero>
<nombre>San Antonio</nombre>
</distritos>
<distritos>
<numero>4</numero>
<nombre>San Felipe</nombre>
</distritos>
<distritos>
<numero>5</numero>
<nombre>San Josecito</nombre>
</distritos>
</cantones>
<cantones>
<numero>3</numero>
<nombre>Aserrí</nombre>
<distritos>
<numero>1</numero>
<nombre>Aserrí</nombre>
</distritos>
<distritos>
<numero>2</numero>
<nombre>Legua</nombre>
</distritos>
<distritos>
<numero>3</numero>
<nombre>Monterrey</nombre>
</distritos>
<distritos>
<numero>4</numero>
<nombre>San Gabriel</nombre>
</distritos>
<distritos>
<numero>5</numero>
<nombre>Tarbaca</nombre>
</distritos>
<distritos>
<numero>6</numero>
<nombre>Vuelta de Jorco</nombre>
</distritos>
</cantones>
<cantones>
<numero>4</numero>
<nombre>Curridabat</nombre>
<distritos>
<numero>1</numero>
<nombre>Curridabat</nombre>
</distritos>
<distritos>
<numero>2</numero>
<nombre>Granadilla</nombre>
</distritos>
<distritos>
<numero>3</numero>
<nombre>Sánchez</nombre>
</distritos>
<distritos>
<numero>4</numero>
<nombre>Tirrases</nombre>
</distritos>
</cantones>
<cantones>
<numero>5</numero>
<nombre>Desamparados</nombre>
<distritos>
<numero>1</numero>
<nombre>Damas</nombre>
</distritos>
<distritos>
<numero>2</numero>
<nombre>Desamparados</nombre>
</distritos>
<distritos>
<numero>3</numero>
<nombre>Frailes</nombre>
</distritos>
<distritos>
<numero>4</numero>
<nombre>Patarrá</nombre>
</distritos>
<distritos>
<numero>5</numero>
<nombre>Rosario</nombre>
</distritos>
<distritos>
<numero>6</numero>
<nombre>San Antonio</nombre>
</distritos>
<distritos>
<numero>7</numero>
<nombre>San Cristóbal</nombre>
</distritos>
<distritos>
<numero>8</numero>
<nombre>San Juan de Dios</nombre>
</distritos>
<distritos>
<numero>9</numero>
<nombre>San Miguel</nombre>
</distritos>
<distritos>
<numero>10</numero>
<nombre>San Rafael</nombre>
</distritos>
<distritos>
<numero>11</numero>
<nombre>San Rafael Abajo</nombre>
</distritos>
</cantones>
<cantones>
<numero>6</numero>
<nombre>Dota</nombre>
<distritos>
<numero>1</numero>
<nombre>Copey</nombre>
</distritos>
<distritos>
<numero>2</numero>
<nombre>Jardín</nombre>
</distritos>
<distritos>
<numero>3</numero>
<nombre>Santa María</nombre>
</distritos>
</cantones>
<cantones>
<numero>7</numero>
<nombre>Escazú</nombre>
<distritos>
<numero>1</numero>
<nombre>Escazú</nombre>
</distritos>
<distritos>
<numero>2</numero>
<nombre>San Antonio</nombre>
</distritos>
<distritos>
<numero>3</numero>
<nombre>San Rafael</nombre>
</distritos>
</cantones>
<cantones>
<numero>8</numero>
<nombre>Goicoechea</nombre>
<distritos>
<numero>1</numero>
<nombre>Calle Blancos</nombre>
</distritos>
<distritos>
<numero>2</numero>
<nombre>Guadalupe</nombre>
</distritos>
<distritos>
<numero>3</numero>
<nombre>Ipís</nombre>
</distritos>
<distritos>
<numero>4</numero>
<nombre>Mata de Plátano</nombre>
</distritos>
<distritos>
<numero>5</numero>
<nombre>Rancho Redondo</nombre>
</distritos>
<distritos>
<numero>6</numero>
<nombre>San Francisco</nombre>
</distritos>
</cantones>
<cantones>
<numero>9</numero>
<nombre>León Cortés</nombre>
<distritos>
<numero>1</numero>
<nombre>Llano Bonito</nombre>
</distritos>
<distritos>
<numero>2</numero>
<nombre>San Andrés</nombre>
</distritos>
<distritos>
<numero>3</numero>
<nombre>San Isidro</nombre>
</distritos>
<distritos>
<numero>4</numero>
<nombre>San Pablo</nombre>
</distritos>
<distritos>
<numero>5</numero>
<nombre>Santa Cruz</nombre>
</distritos>
</cantones>
<cantones>
<numero>10</numero>
<nombre>Montes de Oca</nombre>
<distritos>
<numero>1</numero>
<nombre>Mercedes</nombre>
</distritos>
<distritos>
<numero>2</numero>
<nombre>Sabanilla</nombre>
</distritos>
<distritos>
<numero>3</numero>
<nombre>San Pedro</nombre>
</distritos>
<distritos>
<numero>4</numero>
<nombre>San Rafael</nombre>
</distritos>
</cantones>
<cantones>
<numero>11</numero>
<nombre>Mora</nombre>
<distritos>
<numero>1</numero>
<nombre>Colón</nombre>
</distritos>
<distritos>
<numero>2</numero>
<nombre>Guayabo</nombre>
</distritos>
<distritos>
<numero>3</numero>
<nombre>Picagres</nombre>
</distritos>
<distritos>
<numero>4</numero>
<nombre>Piedras Negras</nombre>
</distritos>
<distritos>
<numero>5</numero>
<nombre>Tabarcia</nombre>
</distritos>
</cantones>
<cantones>
<numero>12</numero>
<nombre>Moravia</nombre>
<distritos>
<numero>1</numero>
<nombre>San Jerónimo</nombre>
</distritos>
<distritos>
<numero>2</numero>
<nombre>San Vicente</nombre>
</distritos>
<distritos>
<numero>3</numero>
<nombre>Trinidad</nombre>
</distritos>
</cantones>
<cantones>
<numero>13</numero>
<nombre>Puriscal</nombre>
<distritos>
<numero>1</numero>
<nombre>Barbacoas</nombre>
</distritos>
<distritos>
<numero>2</numero>
<nombre>Candelaria</nombre>
</distritos>
<distritos>
<numero>3</numero>
<nombre>Chires</nombre>
</distritos>
<distritos>
<numero>4</numero>
<nombre>Desamparados</nombre>
</distritos>
<distritos>
<numero>5</numero>
<nombre>Grifo Alto</nombre>
</distritos>
<distritos>
<numero>6</numero>
<nombre>Mercedes Sur</nombre>
</distritos>
<distritos>
<numero>7</numero>
<nombre>San Antonio</nombre>
</distritos>
<distritos>
<numero>8</numero>
<nombre>San Rafael</nombre>
</distritos>
<distritos>
<numero>9</numero>
<nombre>Santiago</nombre>
</distritos>
</cantones>
<cantones>
<numero>14</numero>
<nombre>Pérez Zeledón</nombre>
<distritos>
<numero>1</numero>
<nombre>Barú</nombre>
</distritos>
<distritos>
<numero>2</numero>
<nombre>Cajón</nombre>
</distritos>
<distritos>
<numero>3</numero>
<nombre>Daniel Flores</nombre>
</distritos>
<distritos>
<numero>4</numero>
<nombre>General</nombre>
</distritos>
<distritos>
<numero>5</numero>
<nombre>Pejibaye</nombre>
</distritos>
<distritos>
<numero>6</numero>
<nombre>Platanares</nombre>
</distritos>
<distritos>
<numero>7</numero>
<nombre>Páramo</nombre>
</distritos>
<distritos>
<numero>8</numero>
<nombre>Rivas</nombre>
</distritos>
<distritos>
<numero>9</numero>
<nombre>Río Nuevo</nombre>
</distritos>
<distritos>
<numero>10</numero>
<nombre>San Isidro de El General</nombre>
</distritos>
<distritos>
<numero>11</numero>
<nombre>San Pedro</nombre>
</distritos>
</cantones>
<cantones>
<numero>15</numero>
<nombre>San José</nombre>
<distritos>
<numero>1</numero>
<nombre>Carmen</nombre>
</distritos>
<distritos>
<numero>2</numero>
<nombre>Catedral</nombre>
</distritos>
<distritos>
<numero>3</numero>
<nombre>Hatillo</nombre>
</distritos>
<distritos>
<numero>4</numero>
<nombre>Hospital</nombre>
</distritos>
<distritos>
<numero>5</numero>
<nombre>Mata Redonda</nombre>
</distritos>
<distritos>
<numero>6</numero>
<nombre>Merced</nombre>
</distritos>
<distritos>
<numero>7</numero>
<nombre>Pavas</nombre>
</distritos>
<distritos>
<numero>8</numero>
<nombre>San Francisco de Dos Ríos</nombre>
</distritos>
<distritos>
<numero>9</numero>
<nombre>San Sebastián (Paso Ancho)</nombre>
</distritos>
<distritos>
<numero>10</numero>
<nombre>Uruca</nombre>
</distritos>
<distritos>
<numero>11</numero>
<nombre>Zapote</nombre>
</distritos>
</cantones>
<cantones>
<numero>16</numero>
<nombre>Santa Ana</nombre>
<distritos>
<numero>1</numero>
<nombre>Brasil</nombre>
</distritos>
<distritos>
<numero>2</numero>
<nombre>Piedades</nombre>
</distritos>
<distritos>
<numero>3</numero>
<nombre>Pozos</nombre>
</distritos>
<distritos>
<numero>4</numero>
<nombre>Salitral</nombre>
</distritos>
<distritos>
<numero>5</numero>
<nombre>Santa Ana</nombre>
</distritos>
<distritos>
<numero>6</numero>
<nombre>Uruca</nombre>
</distritos>
</cantones>
<cantones>
<numero>17</numero>
<nombre>Tarrazú</nombre>
<distritos>
<numero>1</numero>
<nombre>San Carlos</nombre>
</distritos>
<distritos>
<numero>2</numero>
<nombre>San Lorenzo</nombre>
</distritos>
<distritos>
<numero>3</numero>
<nombre>San Marcos</nombre>
</distritos>
</cantones>
<cantones>
<numero>18</numero>
<nombre>Tibás</nombre>
<distritos>
<numero>1</numero>
<nombre>Anselmo Llorente</nombre>
</distritos>
<distritos>
<numero>2</numero>
<nombre>Cinco Esquinas (Colima)</nombre>
</distritos>
<distritos>
<numero>3</numero>
<nombre>San Juan (Florida)</nombre>
</distritos>
</cantones>
<cantones>
<numero>19</numero>
<nombre>Turrubares</nombre>
<distritos>
<numero>1</numero>
<nombre>San Juan de Mata</nombre>
</distritos>
<distritos>
<numero>2</numero>
<nombre>San Luis</nombre>
</distritos>
<distritos>
<numero>3</numero>
<nombre>San Pablo</nombre>
</distritos>
<distritos>
<numero>4</numero>
<nombre>San Pedro</nombre>
</distritos>
</cantones>
<cantones>
<numero>20</numero>
<nombre>Vázquez de Coronado</nombre>
<distritos>
<numero>1</numero>
<nombre>Cascajal</nombre>
</distritos>
<distritos>
<numero>2</numero>
<nombre>Jesús - Dulce Nombre</nombre>
</distritos>
<distritos>
<numero>3</numero>
<nombre>Patalillo</nombre>
</distritos>
<distritos>
<numero>4</numero>
<nombre>San Isidro</nombre>
</distritos>
<distritos>
<numero>5</numero>
<nombre>San Rafael</nombre>
</distritos>
</cantones>
</provincias>
<provincias>
<numero>2</numero>
<nombre>Alajuela</nombre>
<cantones>
<numero>1</numero>
<nombre>Alajuela</nombre>
<distritos>
<numero>1</numero>
<nombre>Alajuela</nombre>
</distritos>
<distritos>
<numero>2</numero>
<nombre>Carrizal</nombre>
</distritos>
<distritos>
<numero>3</numero>
<nombre>Desamparados</nombre>
</distritos>
<distritos>
<numero>4</numero>
<nombre>Garita</nombre>
</distritos>
<distritos>
<numero>5</numero>
<nombre>Guácima</nombre>
</distritos>
<distritos>
<numero>6</numero>
<nombre>Río Segundo</nombre>
</distritos>
<distritos>
<numero>7</numero>
<nombre>Sabanilla</nombre>
</distritos>
<distritos>
<numero>8</numero>
<nombre>San Antonio</nombre>
</distritos>
<distritos>
<numero>9</numero>
<nombre>San Isidro</nombre>
</distritos>
<distritos>
<numero>10</numero>
<nombre>San José</nombre>
</distritos>
<distritos>
<numero>11</numero>
<nombre>San Rafael</nombre>
</distritos>
<distritos>
<numero>12</numero>
<nombre>Sarapiquí</nombre>
</distritos>
<distritos>
<numero>13</numero>
<nombre>Tambor</nombre>
</distritos>
<distritos>
<numero>14</numero>
<nombre>Turrúcares</nombre>
</distritos>
</cantones>
<cantones>
<numero>2</numero>
<nombre>Alfaro Ruiz</nombre>
<distritos>
<numero>1</numero>
<nombre>Guadalupe</nombre>
</distritos>
<distritos>
<numero>2</numero>
<nombre>Laguna</nombre>
</distritos>
<distritos>
<numero>3</numero>
<nombre>Palmira</nombre>
</distritos>
<distritos>
<numero>4</numero>
<nombre>Tapezco</nombre>
</distritos>
<distritos>
<numero>5</numero>
<nombre>Zapote</nombre>
</distritos>
<distritos>
<numero>6</numero>
<nombre>Zarcero</nombre>
</distritos>
</cantones>
<cantones>
<numero>3</numero>
<nombre>Atenas</nombre>
<distritos>
<numero>1</numero>
<nombre>Atenas</nombre>
</distritos>
<distritos>
<numero>2</numero>
<nombre>Concepción</nombre>
</distritos>
<distritos>
<numero>3</numero>
<nombre>Jesús</nombre>
</distritos>
<distritos>
<numero>4</numero>
<nombre>Mercedes</nombre>
</distritos>
<distritos>
<numero>5</numero>
<nombre>San Isidro</nombre>
</distritos>
<distritos>
<numero>6</numero>
<nombre>San José</nombre>
</distritos>
<distritos>
<numero>7</numero>
<nombre>Santa Eulalia</nombre>
</distritos>
</cantones>
<cantones>
<numero>4</numero>
<nombre>Grecia</nombre>
<distritos>
<numero>1</numero>
<nombre>Bolívar</nombre>
</distritos>
<distritos>
<numero>2</numero>
<nombre>Grecia</nombre>
</distritos>
<distritos>
<numero>3</numero>
<nombre>Puente de Piedra</nombre>
</distritos>
<distritos>
<numero>4</numero>
<nombre>Río Cuarto</nombre>
</distritos>
<distritos>
<numero>5</numero>
<nombre>San Isidro</nombre>
</distritos>
<distritos>
<numero>6</numero>
<nombre>San José</nombre>
</distritos>
<distritos>
<numero>7</numero>
<nombre>San Roque</nombre>
</distritos>
<distritos>
<numero>8</numero>
<nombre>Tacares</nombre>
</distritos>
</cantones>
<cantones>
<numero>5</numero>
<nombre>Guatuso</nombre>
<distritos>
<numero>1</numero>
<nombre>Buenavista</nombre>
</distritos>
<distritos>
<numero>2</numero>
<nombre>Cote</nombre>
</distritos>
<distritos>
<numero>3</numero>
<nombre>San Rafael</nombre>
</distritos>
</cantones>
<cantones>
<numero>6</numero>
<nombre>Los Chiles</nombre>
<distritos>
<numero>1</numero>
<nombre>Caño Negro</nombre>
</distritos>
<distritos>
<numero>2</numero>
<nombre>El Amparo</nombre>
</distritos>
<distritos>
<numero>3</numero>
<nombre>Los Chiles</nombre>
</distritos>
<distritos>
<numero>4</numero>
<nombre>San Jorge</nombre>
</distritos>
</cantones>
<cantones>
<numero>7</numero>
<nombre>Naranjo</nombre>
<distritos>
<numero>1</numero>
<nombre>Cirri Sur</nombre>
</distritos>
<distritos>
<numero>2</numero>
<nombre>Naranjo</nombre>
</distritos>
<distritos>
<numero>3</numero>
<nombre>Rosario</nombre>
</distritos>
<distritos>
<numero>4</numero>
<nombre>San Jerónimo</nombre>
</distritos>
<distritos>
<numero>5</numero>
<nombre>San José</nombre>
</distritos>
<distritos>
<numero>6</numero>
<nombre>San Juan</nombre>
</distritos>
<distritos>
<numero>7</numero>
<nombre>San Miguel</nombre>
</distritos>
</cantones>
<cantones>
<numero>8</numero>
<nombre>Orotina</nombre>
<distritos>
<numero>1</numero>
<nombre>Ceiba</nombre>
</distritos>
<distritos>
<numero>2</numero>
<nombre>Covolar</nombre>
</distritos>
<distritos>
<numero>3</numero>
<nombre>Hacienda Vieja</nombre>
</distritos>
<distritos>
<numero>4</numero>
<nombre>Mastata</nombre>
</distritos>
<distritos>
<numero>5</numero>
<nombre>Orotina</nombre>
</distritos>
</cantones>
<cantones>
<numero>9</numero>
<nombre>Palmares</nombre>
<distritos>
<numero>1</numero>
<nombre>Buenos Aires</nombre>
</distritos>
<distritos>
<numero>2</numero>
<nombre>Candelaria</nombre>
</distritos>
<distritos>
<numero>3</numero>
<nombre>Esquipulas</nombre>
</distritos>
<distritos>
<numero>4</numero>
<nombre>Granja</nombre>
</distritos>
<distritos>
<numero>5</numero>
<nombre>Palmares</nombre>
</distritos>
<distritos>
<numero>6</numero>
<nombre>Santiago</nombre>
</distritos>
<distritos>
<numero>7</numero>
<nombre>Zaragoza</nombre>
</distritos>
</cantones>
<cantones>
<numero>10</numero>
<nombre>Poás</nombre>
<distritos>
<numero>1</numero>
<nombre>Carrillos</nombre>
</distritos>
<distritos>
<numero>2</numero>
<nombre>Sabana Redonda</nombre>
</distritos>
<distritos>
<numero>3</numero>
<nombre>San Juan</nombre>
</distritos>
<distritos>
<numero>4</numero>
<nombre>San Pedro</nombre>
</distritos>
<distritos>
<numero>5</numero>
<nombre>San Rafael</nombre>
</distritos>
</cantones>
<cantones>
<numero>11</numero>
<nombre>San Carlos</nombre>
<distritos>
<numero>1</numero>
<nombre>Aguas Zarcas</nombre>
</distritos>
<distritos>
<numero>2</numero>
<nombre>Buena Vista</nombre>
</distritos>
<distritos>
<numero>3</numero>
<nombre>Ciudad Quesada</nombre>
</distritos>
<distritos>
<numero>4</numero>
<nombre>Cutris</nombre>
</distritos>
<distritos>
<numero>5</numero>
<nombre>Florencia</nombre>
</distritos>
<distritos>
<numero>6</numero>
<nombre>Fortuna</nombre>
</distritos>
<distritos>
<numero>7</numero>
<nombre>Monterrey</nombre>
</distritos>
<distritos>
<numero>8</numero>
<nombre>Palmares</nombre>
</distritos>
<distritos>
<numero>9</numero>
<nombre>Pital</nombre>
</distritos>
<distritos>
<numero>10</numero>
<nombre>Pocosol</nombre>
</distritos>
<distritos>
<numero>11</numero>
<nombre>Tigra</nombre>
</distritos>
<distritos>
<numero>12</numero>
<nombre>Venado</nombre>
</distritos>
<distritos>
<numero>13</numero>
<nombre>Venecia</nombre>
</distritos>
</cantones>
<cantones>
<numero>12</numero>
<nombre>San Mateo</nombre>
<distritos>
<numero>1</numero>
<nombre>Desmonte</nombre>
</distritos>
<distritos>
<numero>2</numero>
<nombre>Jesús María</nombre>
</distritos>
<distritos>
<numero>3</numero>
<nombre>San Mateo</nombre>
</distritos>
</cantones>
<cantones>
<numero>13</numero>
<nombre>San Ramón</nombre>
<distritos>
<numero>1</numero>
<nombre>Alfaro</nombre>
</distritos>
<distritos>
<numero>2</numero>
<nombre>Concepción</nombre>
</distritos>
<distritos>
<numero>3</numero>
<nombre>Peñas Blancas</nombre>
</distritos>
<distritos>
<numero>4</numero>
<nombre>Piedades Norte</nombre>
</distritos>
<distritos>
<numero>5</numero>
<nombre>Piedades Sur</nombre>
</distritos>
<distritos>
<numero>6</numero>
<nombre>San Isidro</nombre>
</distritos>
<distritos>
<numero>7</numero>
<nombre>San Juan</nombre>
</distritos>
<distritos>
<numero>8</numero>
<nombre>San Rafael</nombre>
</distritos>
<distritos>
<numero>9</numero>
<nombre>San Ramón</nombre>
</distritos>
<distritos>
<numero>10</numero>
<nombre>Santiago</nombre>
</distritos>
<distritos>
<numero>11</numero>
<nombre>Volio</nombre>
</distritos>
<distritos>
<numero>12</numero>
<nombre>Zapotal</nombre>
</distritos>
<distritos>
<numero>13</numero>
<nombre>Ángeles</nombre>
</distritos>
</cantones>
<cantones>
<numero>14</numero>
<nombre>Upala</nombre>
<distritos>
<numero>1</numero>
<nombre>Aguas Claras</nombre>
</distritos>
<distritos>
<numero>2</numero>
<nombre>Bijagua</nombre>
</distritos>
<distritos>
<numero>3</numero>
<nombre>Delicias</nombre>
</distritos>
<distritos>
<numero>4</numero>
<nombre>Dos Ríos</nombre>
</distritos>
<distritos>
<numero>5</numero>
<nombre>San José</nombre>
</distritos>
<distritos>
<numero>6</numero>
<nombre>Yolillal</nombre>
</distritos>
</cantones>
<cantones>
<numero>15</numero>
<nombre>Valverde Vega</nombre>
<distritos>
<numero>1</numero>
<nombre>Rodríguez</nombre>
</distritos>
<distritos>
<numero>2</numero>
<nombre>San Pedro</nombre>
</distritos>
<distritos>
<numero>3</numero>
<nombre>Sarchí Norte</nombre>
</distritos>
<distritos>
<numero>4</numero>
<nombre>Sarchí Sur</nombre>
</distritos>
<distritos>
<numero>5</numero>
<nombre>Toro Amarillo</nombre>
</distritos>
</cantones>
</provincias>
<provincias>
<numero>3</numero>
<nombre>Cartago</nombre>
<cantones>
<numero>1</numero>
<nombre>Alvarado</nombre>
<distritos>
<numero>1</numero>
<nombre>Capellades</nombre>
</distritos>
<distritos>
<numero>2</numero>
<nombre>Cervantes</nombre>
</distritos>
<distritos>
<numero>3</numero>
<nombre>Pacayas</nombre>
</distritos>
</cantones>
<cantones>
<numero>2</numero>
<nombre>Cartago</nombre>
<distritos>
<numero>1</numero>
<nombre>Carmen</nombre>
</distritos>
<distritos>
<numero>2</numero>
<nombre>Corralillo</nombre>
</distritos>
<distritos>
<numero>3</numero>
<nombre>Dulce Nombre</nombre>
</distritos>
<distritos>
<numero>4</numero>
<nombre>Guadalupe</nombre>
</distritos>
<distritos>
<numero>5</numero>
<nombre>Llano Grande</nombre>
</distritos>
<distritos>
<numero>6</numero>
<nombre>Parte Occidental</nombre>
</distritos>
<distritos>
<numero>7</numero>
<nombre>Parte Oriental</nombre>
</distritos>
<distritos>
<numero>8</numero>
<nombre>Quebradilla</nombre>
</distritos>
<distritos>
<numero>9</numero>
<nombre>San Francisco - Aguascalientes</nombre>
</distritos>
<distritos>
<numero>10</numero>
<nombre>San Nicolás</nombre>
</distritos>
<distritos>
<numero>11</numero>
<nombre>Tierra Blanca</nombre>
</distritos>
</cantones>
<cantones>
<numero>3</numero>
<nombre>El Guarco</nombre>
<distritos>
<numero>1</numero>
<nombre>Patio de Agua</nombre>
</distritos>
<distritos>
<numero>2</numero>
<nombre>San Isidro</nombre>
</distritos>
<distritos>
<numero>3</numero>
<nombre>Tejar</nombre>
</distritos>
<distritos>
<numero>4</numero>
<nombre>Tobosi</nombre>
</distritos>
</cantones>
<cantones>
<numero>4</numero>
<nombre>Jiménez</nombre>
<distritos>
<numero>1</numero>
<nombre>Juan Viñas</nombre>
</distritos>
<distritos>
<numero>2</numero>
<nombre>Pejibaye</nombre>
</distritos>
<distritos>
<numero>3</numero>
<nombre>Tucurrique</nombre>
</distritos>
</cantones>
<cantones>
<numero>5</numero>
<nombre>La Unión</nombre>
<distritos>
<numero>1</numero>
<nombre>Concepción</nombre>
</distritos>
<distritos>
<numero>2</numero>
<nombre>Dulce Nombre</nombre>
</distritos>
<distritos>
<numero>3</numero>
<nombre>Río Azul</nombre>
</distritos>
<distritos>
<numero>4</numero>
<nombre>San Diego</nombre>
</distritos>
<distritos>
<numero>5</numero>
<nombre>San Juan</nombre>
</distritos>
<distritos>
<numero>6</numero>
<nombre>San Rafael</nombre>
</distritos>
<distritos>
<numero>7</numero>
<nombre>San Ramón</nombre>
</distritos>
<distritos>
<numero>8</numero>
<nombre>Tres Ríos</nombre>
</distritos>
</cantones>
<cantones>
<numero>6</numero>
<nombre>Oreamuno</nombre>
<distritos>
<numero>1</numero>
<nombre>Cipreses</nombre>
</distritos>
<distritos>
<numero>2</numero>
<nombre>Cot</nombre>
</distritos>
<distritos>
<numero>3</numero>
<nombre>Potrero Cerrado</nombre>
</distritos>
<distritos>
<numero>4</numero>
<nombre>San Rafael</nombre>
</distritos>
<distritos>
<numero>5</numero>
<nombre>Santa Rosa</nombre>
</distritos>
</cantones>
<cantones>
<numero>7</numero>
<nombre>Paraíso</nombre>
<distritos>
<numero>1</numero>
<nombre>Cachí</nombre>
</distritos>
<distritos>
<numero>2</numero>
<nombre>Orosí</nombre>
</distritos>
<distritos>
<numero>3</numero>
<nombre>Paraíso</nombre>
</distritos>
<distritos>
<numero>4</numero>
<nombre>Santiago</nombre>
</distritos>
</cantones>
<cantones>
<numero>8</numero>
<nombre>Turrialba</nombre>
<distritos>
<numero>1</numero>
<nombre>La Suiza</nombre>
</distritos>
<distritos>
<numero>2</numero>
<nombre>Peralta</nombre>
</distritos>
<distritos>
<numero>3</numero>
<nombre>Santa Cruz</nombre>
</distritos>
<distritos>
<numero>4</numero>
<nombre>Santa Pavones</nombre>
</distritos>
<distritos>
<numero>5</numero>
<nombre>Santa Rosa</nombre>
</distritos>
<distritos>
<numero>6</numero>
<nombre>Santa Teresita</nombre>
</distritos>
<distritos>
<numero>7</numero>
<nombre>Tayutic</nombre>
</distritos>
<distritos>
<numero>8</numero>
<nombre>Tuis</nombre>
</distritos>
<distritos>
<numero>9</numero>
<nombre>Turrialba</nombre>
</distritos>
</cantones>
</provincias>
<provincias>
<numero>4</numero>
<nombre>Heredia</nombre>
<cantones>
<numero>1</numero>
<nombre>Barva</nombre>
<distritos>
<numero>1</numero>
<nombre>Barva</nombre>
</distritos>
<distritos>
<numero>2</numero>
<nombre>San José de la Montaña</nombre>
</distritos>
<distritos>
<numero>3</numero>
<nombre>San Pablo</nombre>
</distritos>
<distritos>
<numero>4</numero>
<nombre>San Pedro</nombre>
</distritos>
<distritos>
<numero>5</numero>
<nombre>San Roque</nombre>
</distritos>
<distritos>
<numero>6</numero>
<nombre>Santa Lucía</nombre>
</distritos>
</cantones>
<cantones>
<numero>2</numero>
<nombre>Belén</nombre>
<distritos>
<numero>1</numero>
<nombre>Asunción</nombre>
</distritos>
<distritos>
<numero>2</numero>
<nombre>La Rivera</nombre>
</distritos>
<distritos>
<numero>3</numero>
<nombre>San Antonio</nombre>
</distritos>
</cantones>
<cantones>
<numero>3</numero>
<nombre>Flores</nombre>
<distritos>
<numero>1</numero>
<nombre>Barrantes</nombre>
</distritos>
<distritos>
<numero>2</numero>
<nombre>Llorente</nombre>
</distritos>
<distritos>
<numero>3</numero>
<nombre>San Joaquín</nombre>
</distritos>
</cantones>
<cantones>
<numero>4</numero>
<nombre>Heredia</nombre>
<distritos>
<numero>1</numero>
<nombre>Heredia</nombre>
</distritos>
<distritos>
<numero>2</numero>
<nombre>Mercedes</nombre>
</distritos>
<distritos>
<numero>3</numero>
<nombre>San Francisco</nombre>
</distritos>
<distritos>
<numero>4</numero>
<nombre>Ulloa (Barrial)</nombre>
</distritos>
<distritos>
<numero>5</numero>
<nombre>Varablanca</nombre>
</distritos>
</cantones>
<cantones>
<numero>5</numero>
<nombre>San Isidro</nombre>
<distritos>
<numero>1</numero>
<nombre>Concepción</nombre>
</distritos>
<distritos>
<numero>2</numero>
<nombre>San Isidro</nombre>
</distritos>
<distritos>
<numero>3</numero>
<nombre>San José</nombre>
</distritos>
</cantones>
<cantones>
<numero>6</numero>
<nombre>San Pablo</nombre>
<distritos>
<numero>1</numero>
<nombre>San Pablo</nombre>
</distritos>
</cantones>
<cantones>
<numero>7</numero>
<nombre>San Rafael</nombre>
<distritos>
<numero>1</numero>
<nombre>Concepción</nombre>
</distritos>
<distritos>
<numero>2</numero>
<nombre>Los Angeles</nombre>
</distritos>
<distritos>
<numero>3</numero>
<nombre>San Josecito</nombre>
</distritos>
<distritos>
<numero>4</numero>
<nombre>San Rafael</nombre>
</distritos>
<distritos>
<numero>5</numero>
<nombre>Santiago</nombre>
</distritos>
</cantones>
<cantones>
<numero>8</numero>
<nombre>Santa Bárbara</nombre>
<distritos>
<numero>1</numero>
<nombre>Jesús</nombre>
</distritos>
<distritos>
<numero>2</numero>
<nombre>Puraba</nombre>
</distritos>
<distritos>
<numero>3</numero>
<nombre>San Juan</nombre>
</distritos>
<distritos>
<numero>4</numero>
<nombre>San Pedro</nombre>
</distritos>
<distritos>
<numero>5</numero>
<nombre>Santa Bárbara</nombre>
</distritos>
<distritos>
<numero>6</numero>
<nombre>Santo Domingo</nombre>
</distritos>
</cantones>
<cantones>
<numero>9</numero>
<nombre>Santo Domingo</nombre>
<distritos>
<numero>1</numero>
<nombre>Para</nombre>
</distritos>
<distritos>
<numero>2</numero>
<nombre>Parácito</nombre>
</distritos>
<distritos>
<numero>3</numero>
<nombre>San Miguel</nombre>
</distritos>
<distritos>
<numero>4</numero>
<nombre>San Vicente</nombre>
</distritos>
<distritos>
<numero>5</numero>
<nombre>Santa Rosa</nombre>
</distritos>
<distritos>
<numero>6</numero>
<nombre>Santo Domingo</nombre>
</distritos>
<distritos>
<numero>7</numero>
<nombre>Santo Tomás</nombre>
</distritos>
<distritos>
<numero>8</numero>
<nombre>Tures</nombre>
</distritos>
</cantones>
<cantones>
<numero>10</numero>
<nombre>Sarapiquí</nombre>
<distritos>
<numero>1</numero>
<nombre>Horquetas</nombre>
</distritos>
<distritos>
<numero>2</numero>
<nombre>La Virgen</nombre>
</distritos>
<distritos>
<numero>3</numero>
<nombre>Puerto Viejo</nombre>
</distritos>
</cantones>
</provincias>
<provincias>
<numero>5</numero>
<nombre>Guanacaste</nombre>
<cantones>
<numero>1</numero>
<nombre>Abangares</nombre>
<distritos>
<numero>1</numero>
<nombre>Abangares</nombre>
</distritos>
<distritos>
<numero>2</numero>
<nombre>Colorado</nombre>
</distritos>
<distritos>
<numero>3</numero>
<nombre>Juntas</nombre>
</distritos>
<distritos>
<numero>4</numero>
<nombre>San Juan</nombre>
</distritos>
<distritos>
<numero>5</numero>
<nombre>Sierra</nombre>
</distritos>
</cantones>
<cantones>
<numero>2</numero>
<nombre>Bagaces</nombre>
<distritos>
<numero>1</numero>
<nombre>Bagaces</nombre>
</distritos>
<distritos>
<numero>2</numero>
<nombre>Fortuna</nombre>
</distritos>
<distritos>
<numero>3</numero>
<nombre>Mogote</nombre>
</distritos>
</cantones>
<cantones>
<numero>3</numero>
<nombre>Carrillo</nombre>
<distritos>
<numero>1</numero>
<nombre>Belén</nombre>
</distritos>
<distritos>
<numero>2</numero>
<nombre>Filadelfia</nombre>
</distritos>
<distritos>
<numero>3</numero>
<nombre>Palmira</nombre>
</distritos>
<distritos>
<numero>4</numero>
<nombre>Sardinal</nombre>
</distritos>
</cantones>
<cantones>
<numero>4</numero>
<nombre>Cañas</nombre>
<distritos>
<numero>1</numero>
<nombre>Cañas</nombre>
</distritos>
</cantones>
<cantones>
<numero>5</numero>
<nombre>Hojancha</nombre>
<distritos>
<numero>1</numero>
<nombre>Hojancha</nombre>
</distritos>
</cantones>
<cantones>
<numero>6</numero>
<nombre>La Cruz</nombre>
<distritos>
<numero>1</numero>
<nombre>La Cruz</nombre>
</distritos>
<distritos>
<numero>2</numero>
<nombre>La Garita</nombre>
</distritos>
<distritos>
<numero>3</numero>
<nombre>Santa Cecilia</nombre>
</distritos>
<distritos>
<numero>4</numero>
<nombre>Santa Elena</nombre>
</distritos>
</cantones>
<cantones>
<numero>7</numero>
<nombre>Liberia</nombre>
<distritos>
<numero>1</numero>
<nombre>Cañas Dulces</nombre>
</distritos>
<distritos>
<numero>2</numero>
<nombre>Currande</nombre>
</distritos>
<distritos>
<numero>3</numero>
<nombre>Liberia</nombre>
</distritos>
<distritos>
<numero>4</numero>
<nombre>Mayorga</nombre>
</distritos>
<distritos>
<numero>5</numero>
<nombre>Nacascolo</nombre>
</distritos>
</cantones>
<cantones>
<numero>8</numero>
<nombre>Nandayure</nombre>
<distritos>
<numero>1</numero>
<nombre>Bejuco</nombre>
</distritos>
<distritos>
<numero>2</numero>
<nombre>Carmona</nombre>
</distritos>
<distritos>
<numero>3</numero>
<nombre>Porvenir</nombre>
</distritos>
<distritos>
<numero>4</numero>
<nombre>San Pablo</nombre>
</distritos>
<distritos>
<numero>5</numero>
<nombre>Santa Rita</nombre>
</distritos>
<distritos>
<numero>6</numero>
<nombre>Zapotal</nombre>
</distritos>
</cantones>
<cantones>
<numero>9</numero>
<nombre>Nicoya</nombre>
<distritos>
<numero>1</numero>
<nombre>Baltodano</nombre>
</distritos>
<distritos>
<numero>2</numero>
<nombre>Mansión</nombre>
</distritos>
<distritos>
<numero>3</numero>
<nombre>Nicoya</nombre>
</distritos>
<distritos>
<numero>4</numero>
<nombre>Quebrada Honda</nombre>
</distritos>
<distritos>
<numero>5</numero>
<nombre>San Antonio</nombre>
</distritos>
<distritos>
<numero>6</numero>
<nombre>Sámara</nombre>
</distritos>
</cantones>
<cantones>
<numero>10</numero>
<nombre>Santa Cruz</nombre>
<distritos>
<numero>1</numero>
<nombre>Bolsón</nombre>
</distritos>
<distritos>
<numero>2</numero>
<nombre>Santa Cruz</nombre>
</distritos>
<distritos>
<numero>3</numero>
<nombre>Veintisiete de Abril</nombre>
</distritos>
</cantones>
<cantones>
<numero>11</numero>
<nombre>Tilarán</nombre>
<distritos>
<numero>1</numero>
<nombre>Arenal</nombre>
</distritos>
<distritos>
<numero>2</numero>
<nombre>Líbano</nombre>
</distritos>
<distritos>
<numero>3</numero>
<nombre>Quebrada Grande</nombre>
</distritos>
<distritos>
<numero>4</numero>
<nombre>Santa Rosa</nombre>
</distritos>
<distritos>
<numero>5</numero>
<nombre>Tierras Morenas</nombre>
</distritos>
<distritos>
<numero>6</numero>
<nombre>Tilarán</nombre>
</distritos>
<distritos>
<numero>7</numero>
<nombre>Tronadora</nombre>
</distritos>
</cantones>
</provincias>
<provincias>
<numero>6</numero>
<nombre>Puntarenas</nombre>
<cantones>
<numero>1</numero>
<nombre>Aguirre</nombre>
<distritos>
<numero>1</numero>
<nombre>Naranjito</nombre>
</distritos>
<distritos>
<numero>2</numero>
<nombre>Quepos</nombre>
</distritos>
<distritos>
<numero>3</numero>
<nombre>Savegre</nombre>
</distritos>
</cantones>
<cantones>
<numero>2</numero>
<nombre>Buenos Aires</nombre>
<distritos>
<numero>1</numero>
<nombre>Boruca</nombre>
</distritos>
<distritos>
<numero>2</numero>
<nombre>Buenos Aires</nombre>
</distritos>
<distritos>
<numero>3</numero>
<nombre>Chanquera</nombre>
</distritos>
<distritos>
<numero>4</numero>
<nombre>Colinas</nombre>
</distritos>
<distritos>
<numero>5</numero>
<nombre>Pilas</nombre>
</distritos>
<distritos>
<numero>6</numero>
<nombre>Potrero Grande</nombre>
</distritos>
<distritos>
<numero>7</numero>
<nombre>Volcán</nombre>
</distritos>
</cantones>
<cantones>
<numero>3</numero>
<nombre>Corredores</nombre>
<distritos>
<numero>1</numero>
<nombre>Canoas</nombre>
</distritos>
<distritos>
<numero>2</numero>
<nombre>Corredores</nombre>
</distritos>
<distritos>
<numero>3</numero>
<nombre>La Cuesta</nombre>
</distritos>
</cantones>
<cantones>
<numero>4</numero>
<nombre>Coto Brus</nombre>
<distritos>
<numero>1</numero>
<nombre>Agua Buena</nombre>
</distritos>
<distritos>
<numero>2</numero>
<nombre>Limoncito</nombre>
</distritos>
<distritos>
<numero>3</numero>
<nombre>Pittier</nombre>
</distritos>
<distritos>
<numero>4</numero>
<nombre>Sabalito</nombre>
</distritos>
<distritos>
<numero>5</numero>
<nombre>San Vito</nombre>
</distritos>
</cantones>
<cantones>
<numero>5</numero>
<nombre>Esparza</nombre>
<distritos>
<numero>1</numero>
<nombre>Espíritu Santo</nombre>
</distritos>
<distritos>
<numero>2</numero>
<nombre>Macacona</nombre>
</distritos>
<distritos>
<numero>3</numero>
<nombre>San Jerónimo</nombre>
</distritos>
<distritos>
<numero>4</numero>
<nombre>San Juan Grande</nombre>
</distritos>
<distritos>
<numero>5</numero>
<nombre>San Rafael</nombre>
</distritos>
</cantones>
<cantones>
<numero>6</numero>
<nombre>Garabito</nombre>
<distritos>
<numero>1</numero>
<nombre>Jacó</nombre>
</distritos>
<distritos>
<numero>2</numero>
<nombre>Tárcoles</nombre>
</distritos>
</cantones>
<cantones>
<numero>7</numero>
<nombre>Golfito</nombre>
<distritos>
<numero>1</numero>
<nombre>Golfito</nombre>
</distritos>
<distritos>
<numero>2</numero>
<nombre>Guaycara</nombre>
</distritos>
<distritos>
<numero>3</numero>
<nombre>Jiménez</nombre>
</distritos>
</cantones>
<cantones>
<numero>8</numero>
<nombre>Montes de Oro</nombre>
<distritos>
<numero>1</numero>
<nombre>La Unión</nombre>
</distritos>
<distritos>
<numero>2</numero>
<nombre>Miramar</nombre>
</distritos>
<distritos>
<numero>3</numero>
<nombre>San Isidro</nombre>
</distritos>
</cantones>
<cantones>
<numero>9</numero>
<nombre>Osa</nombre>
<distritos>
<numero>1</numero>
<nombre>Cortés</nombre>
</distritos>
<distritos>
<numero>2</numero>
<nombre>Palmar</nombre>
</distritos>
<distritos>
<numero>3</numero>
<nombre>Sierpe</nombre>
</distritos>
</cantones>
<cantones>
<numero>10</numero>
<nombre>Parrita</nombre>
<distritos>
<numero>1</numero>
<nombre>Parrita</nombre>
</distritos>
</cantones>
<cantones>
<numero>11</numero>
<nombre>Puntarenas</nombre>
<distritos>
<numero>1</numero>
<nombre>Barranca</nombre>
</distritos>
<distritos>
<numero>2</numero>
<nombre>Chomes</nombre>
</distritos>
<distritos>
<numero>3</numero>
<nombre>Cóbano</nombre>
</distritos>
<distritos>
<numero>4</numero>
<nombre>Guacimal</nombre>
</distritos>
<distritos>
<numero>5</numero>
<nombre>Isla del Coco</nombre>
</distritos>
<distritos>
<numero>6</numero>
<nombre>Lepanto</nombre>
</distritos>
<distritos>
<numero>7</numero>
<nombre>Manzanillo</nombre>
</distritos>
<distritos>
<numero>8</numero>
<nombre>Monteverde</nombre>
</distritos>
<distritos>
<numero>9</numero>
<nombre>Paquera</nombre>
</distritos>
<distritos>
<numero>10</numero>
<nombre>Pitahaya</nombre>
</distritos>
<distritos>
<numero>11</numero>
<nombre>Puntarenas</nombre>
</distritos>
</cantones>
</provincias>
<provincias>
<numero>7</numero>
<nombre>Limón</nombre>
<cantones>
<numero>1</numero>
<nombre>Guácimo</nombre>
<distritos>
<numero>1</numero>
<nombre>Duacari</nombre>
</distritos>
<distritos>
<numero>2</numero>
<nombre>Guácimo</nombre>
</distritos>
<distritos>
<numero>3</numero>
<nombre>Mercedes</nombre>
</distritos>
<distritos>
<numero>4</numero>
<nombre>Pocora</nombre>
</distritos>
<distritos>
<numero>5</numero>
<nombre>Río Jiménez</nombre>
</distritos>
</cantones>
<cantones>
<numero>2</numero>
<nombre>Limón</nombre>
<distritos>
<numero>1</numero>
<nombre>Limón</nombre>
</distritos>
</cantones>
<cantones>
<numero>3</numero>
<nombre>Matina</nombre>
<distritos>
<numero>1</numero>
<nombre>Batán</nombre>
</distritos>
<distritos>
<numero>2</numero>
<nombre>Carrandi</nombre>
</distritos>
<distritos>
<numero>3</numero>
<nombre>Matina</nombre>
</distritos>
</cantones>
<cantones>
<numero>4</numero>
<nombre>Pococí</nombre>
<distritos>
<numero>1</numero>
<nombre>Cariari</nombre>
</distritos>
<distritos>
<numero>2</numero>
<nombre>Colorado</nombre>
</distritos>
<distritos>
<numero>3</numero>
<nombre>Guápiles</nombre>
</distritos>
<distritos>
<numero>4</numero>
<nombre>Jiménez</nombre>
</distritos>
<distritos>
<numero>5</numero>
<nombre>Rita</nombre>
</distritos>
<distritos>
<numero>6</numero>
<nombre>Roxana</nombre>
</distritos>
</cantones>
<cantones>
<numero>5</numero>
<nombre>Siquirres</nombre>
<distritos>
<numero>1</numero>
<nombre>El Cairo</nombre>
</distritos>
<distritos>
<numero>2</numero>
<nombre>Florida</nombre>
</distritos>
<distritos>
<numero>3</numero>
<nombre>Germania</nombre>
</distritos>
<distritos>
<numero>4</numero>
<nombre>Pacuarito</nombre>
</distritos>
<distritos>
<numero>5</numero>
<nombre>Siquirres</nombre>
</distritos>
</cantones>
<cantones>
<numero>6</numero>
<nombre>Talamanca</nombre>
<distritos>
<numero>1</numero>
<nombre>Bratsi</nombre>
</distritos>
<distritos>
<numero>2</numero>
<nombre>Cahuita</nombre>
</distritos>
<distritos>
<numero>3</numero>
<nombre>Sixaola</nombre>
</distritos>
</cantones>
</provincias>
</data>
