<?xml version="1.0" encoding="UTF-8"?>
<project-private xmlns="http://www.netbeans.org/ns/project-private/1">
    <editor-bookmarks xmlns="http://www.netbeans.org/ns/editor-bookmarks/2" lastBookmarkId="0"/>
    <open-files xmlns="http://www.netbeans.org/ns/projectui-open-files/2">
        <group>
            <file>file:/C:/Users/ESCINF/Pictures/PROYECTOP3/src/sistema/presentation/clientes/View.java</file>
            <file>file:/C:/Users/ESCINF/Pictures/PROYECTOP3/src/sistema/logic/Service.java</file>
            <file>file:/C:/Users/ESCINF/Pictures/PROYECTOP3/src/sistema/presentation/clientes/ClientesTableModel.java</file>
            <file>file:/C:/Users/ESCINF/Pictures/PROYECTOP3/src/sistema/logic/Cliente.java</file>
            <file>file:/C:/Users/ESCINF/Pictures/PROYECTOP3/src/sistema/presentation/clientes/Controller.java</file>
            <file>file:/C:/Users/ESCINF/Pictures/PROYECTOP3/src/sistema/presentation/clientes/Model.java</file>
        </group>
    </open-files>
</project-private>
