<?xml version="1.0" encoding="UTF-8"?>
<project-private xmlns="http://www.netbeans.org/ns/project-private/1">
    <editor-bookmarks xmlns="http://www.netbeans.org/ns/editor-bookmarks/2" lastBookmarkId="0"/>
    <open-files xmlns="http://www.netbeans.org/ns/projectui-open-files/2">
        <group>
            <file>file:/C:/Users/ESCINF/Documents/GitHub/Proyecto-I-Progra-III/Proyecto1/src/sistema/data/XmlPersister.java</file>
            <file>file:/C:/Users/ESCINF/Documents/GitHub/Proyecto-I-Progra-III/Proyecto1/src/sistema/presentation/pagos/PagosTableModel.java</file>
            <file>file:/C:/Users/ESCINF/Documents/GitHub/Proyecto-I-Progra-III/Proyecto1/src/sistema/logic/Mensualidad.java</file>
            <file>file:/C:/Users/ESCINF/Documents/GitHub/Proyecto-I-Progra-III/Proyecto1/src/sistema/Application.java</file>
            <file>file:/C:/Users/ESCINF/Documents/GitHub/Proyecto-I-Progra-III/Proyecto1/src/sistema/presentation/pagos/Controller.java</file>
            <file>file:/C:/Users/ESCINF/Documents/GitHub/Proyecto-I-Progra-III/Proyecto1/src/sistema/presentation/pagos/View.java</file>
            <file>file:/C:/Users/ESCINF/Documents/GitHub/Proyecto-I-Progra-III/Proyecto1/src/sistema/logic/Prestamo.java</file>
            <file>file:/C:/Users/ESCINF/Documents/GitHub/Proyecto-I-Progra-III/Proyecto1/src/sistema/presentation/pagos/Model.java</file>
            <file>file:/C:/Users/ESCINF/Documents/GitHub/Proyecto-I-Progra-III/Proyecto1/src/sistema/presentation/prestamo/View.java</file>
            <file>file:/C:/Users/ESCINF/Documents/GitHub/Proyecto-I-Progra-III/Proyecto1/src/sistema/data/Data.java</file>
            <file>file:/C:/Users/ESCINF/Documents/GitHub/Proyecto-I-Progra-III/Proyecto1/src/sistema/presentation/iconos/prestamos.png</file>
            <file>file:/C:/Users/ESCINF/Documents/GitHub/Proyecto-I-Progra-III/Proyecto1/src/sistema/presentation/prestamos/View.java</file>
            <file>file:/C:/Users/ESCINF/Documents/GitHub/Proyecto-I-Progra-III/Proyecto1/src/sistema/presentation/prestamos/Controller.java</file>
            <file>file:/C:/Users/ESCINF/Documents/GitHub/Proyecto-I-Progra-III/Proyecto1/src/sistema/presentation/clientes/View.java</file>
            <file>file:/C:/Users/ESCINF/Documents/GitHub/Proyecto-I-Progra-III/Proyecto1/src/sistema/logic/Service.java</file>
            <file>file:/C:/Users/ESCINF/Documents/GitHub/Proyecto-I-Progra-III/Proyecto1/src/sistema/presentation/clientes/Controller.java</file>
        </group>
    </open-files>
</project-private>
